Workbook

Sheet README
A1: Merchant Workbook — Paytm Payments & Fraud Analytics (Part 1A)
A3: Sheets in the workbook:
A4: Merchants - reference table of the 40 merchants (id, name, category, region)
A5: Transactions_View - all 547 ledger transactions with VLOOKUP-derived merchant fields,
A6: an HLOOKUP-derived payment-method fee tier, and the nested
A7: IF/AND 'High-Value Merchant Day' classification
A8: Fee_Tiers - horizontal MDR-style fee-tier reference table (HLOOKUP source)
A9: Daily_Merchant - one row per (merchant_id, date) with a live SUMIFS daily total;
A10: this is the table the classification rule reads its daily total from
A11: Pivot_Summary - total amount_inr + transaction count by merchant_id and status,
A12: plus a transaction-count-vs-unique-days comparison per merchant
A14: Notes on the setup:
... A36: 5. All monetary values are in INR.

Sheet Merchants
A1: merchant_id | B1: merchant_name | C1: category | D1: region
A2: 1 | B2: Merchant_001 | C2: ecommerce | D2: South
A3: 2 | B3: Merchant_002 | C3: grocery | D3: West
A4: 3 | B4: Merchant_003 | C4: grocery | D4: East
A5: 4 | B5: Merchant_004 | C5: ecommerce | D5: East
A6: 5 | B6: Merchant_005 | C6: recharge | D6: South
A7: 6 | B7: Merchant_006 | C7: food_delivery | D7: South
A8: 7 | B8: Merchant_007 | C8: food_delivery | D8: East
A9: 8 | B9: Merchant_008 | C9: food_delivery | D9: North
A10: 9 | B10: Merchant_009 | C10: ecommerce | D10: North
A11: 10 | B11: Merchant_010 | C11: grocery | D11: West
A12: 11 | B12: Merchant_011 | C12: ecommerce | D12: North
A13: 12 | B13: Merchant_012 | C13: ecommerce | D13: East
... A41: 40 | B41: Merchant_040 | C41: entertainment | D41: South

Sheet Fee_Tiers
A1: Payment Method (illustrative MDR fee tiers for this assignment) | B1: UPI | C1: Wallet | D1: Card | E1: Netbanking
A2: Fee % of transaction amount | B2: 0.003 | C2: 0.006 | D2: 0.018 | E2: 0.009
A4: NOTE: these fee percentages are illustrative assumptions chosen for this assignment and do not represent real Paytm merchant discount rates (MDR).

Sheet Daily_Merchant
A1: merchant_id | B1: date | C1: daily_total_amount_inr | D1: region
A2: 1 | B2: 46027 | C2: =SUMIFS(Transactions_View!$E$2:$E$548,Transactions_View!$C$2:$C$548,A2,Transactions_View!$L$2:$L$548,B2) | D2: =IFERROR(VLOOKUP(A2,Merchants!$A$2:$D$41,4,FALSE),"Merchant not found")
A3: 1 | B3: 46028 | C3: =SUMIFS(Transactions_View!$E$2:$E$548,Transactions_View!$C$2:$C$548,A3,Transactions_View!$L$2:$L$548,B3) | D3: =IFERROR(VLOOKUP(A3,Merchants!$A$2:$D$41,4,FALSE),"Merchant not found")
A4: 1 | B4: 46031 | C4: =SUMIFS(Transactions_View!$E$2:$E$548,Transactions_View!$C$2:$C$548,A4,Transactions_View!$L$2:$L$548,B4) | D4: =IFERROR(VLOOKUP(A4,Merchants!$A$2:$D$41,4,FALSE),"Merchant not found")
A5: 1 | B5: 46033 | C5: =SUMIFS(Transactions_View!$E$2:$E$548,Transactions_View!$C$2:$C$548,A5,Transactions_View!$L$2:$L$548,B5) | D5: =IFERROR(VLOOKUP(A5,Merchants!$A$2:$D$41,4,FALSE),"Merchant not found")
A6: 1 | B6: 46034 | C6: =SUMIFS(Transactions_View!$E$2:$E$548,Transactions_View!$C$2:$C$548,A6,Transactions_View!$L$2:$L$548,B6) | D6: =IFERROR(VLOOKUP(A6,Merchants!$A$2:$D$41,4,FALSE),"Merchant not found")
A7: 1 | B7: 46039 | C7: =SUMIFS(Transactions_View!$E$2:$E$548,Transactions_View!$C$2:$C$548,A7,Transactions_View!$L$2:$L$548,B7) | D7: =IFERROR(VLOOKUP(A7,Merchants!$A$2:$D$41,4,FALSE),"Merchant not found")
A8: 1 | B8: 46045 | C8: =SUMIFS(Transactions_View!$E$2:$E$548,Transactions_View!$C$2:$C$548,A8,Transactions_View!$L$2:$L$548,B8) | D8: =IFERROR(VLOOKUP(A8,Merchants!$A$2:$D$41,4,FALSE),"Merchant not found")
A9: 2 | B9: 46029 | C9: =SUMIFS(Transactions_View!$E$2:$E$548,Transactions_View!$C$2:$C$548,A9,Transactions_View!$L$2:$L$548,B9) | D9: =IFERROR(VLOOKUP(A9,Merchants!$A$2:$D$41,4,FALSE),"Merchant not found")
A10: 2 | B10: 46030 | C10: =SUMIFS(Transactions_View!$E$2:$E$548,Transactions_View!$C$2:$C$548,A10,Transactions_View!$L$2:$L$548,B10) | D10: =IFERROR(VLOOKUP(A10,Merchants!$A$2:$D$41,4,FALSE),"Merchant not found")
A11: 2 | B11: 46034 | C11: =SUMIFS(Transactions_View!$E$2:$E$548,Transactions_View!$C$2:$C$548,A11,Transactions_View!$L$2:$L$548,B11) | D11: =IFERROR(VLOOKUP(A11,Merchants!$A$2:$D$41,4,FALSE),"Merchant not found")
A12: 2 | B12: 46035 | C12: =SUMIFS(Transactions_View!$E$2:$E$548,Transactions_View!$C$2:$C$548,A12,Transactions_View!$L$2:$L$548,B12) | D12: =IFERROR(VLOOKUP(A12,Merchants!$A$2:$D$41,4,FALSE),"Merchant not found")
A13: 2 | B13: 46037 | C13: =SUMIFS(Transactions_View!$E$2:$E$548,Transactions_View!$C$2:$C$548,A13,Transactions_View!$L$2:$L$548,B13) | D13: =IFERROR(VLOOKUP(A13,Merchants!$A$2:$D$41,4,FALSE),"Merchant not found")
... A444: 40 | B444: 46052 | C444: =SUMIFS(Transactions_View!$E$2:$E$548,Transactions_View!$C$2:$C$548,A444,Transactions_View!$L$2:$L$548,B444) | D444: =IFERROR(VLOOKUP(A444,Merchants!$A$2:$D$41,4,FALSE),"Merchant not found")

Sheet Transactions_View
A1: transaction_id | B1: user_id | C1: merchant_id | D1: transaction_time | E1: amount_inr | F1: payment_method | G1: status | H1: risk_score | I1: merchant_name (VLOOKUP) | J1: category (VLOOKUP) | K1: region (VLOOKUP) | L1: txn_date | M1: fee_tier_pct (HLOOKUP) | N1: merchant_daily_total_inr (from Daily_Merchant pivot) | O1: classification (nested IF/AND)
A2: TXN100000 | B2: 350 | C2: 16 | D2: 46051.467 | E2: 2999 | F2: Wallet | G2: captured | H2: 85 | I2: =IFERROR(VLOOKUP(C2,Merchants!$A$2:$D$41,2,FALSE),"Merchant not found") | J2: =IFERROR(VLOOKUP(C2,Merchants!$A$2:$D$41,3,FALSE),"Merchant not found") | K2: =IFERROR(VLOOKUP(C2,Merchants!$A$2:$D$41,4,FALSE),"Merchant not found") | L2: =DATE(YEAR(D2),MONTH(D2),DAY(D2)) | M2: =IFERROR(HLOOKUP(F2,Fee_Tiers!$B$1:$E$2,2,FALSE),"Fee tier not found") | N2: =SUMIFS(Daily_Merchant!$C$2:$C$444,Daily_Merchant!$A$2:$A$444,C2,Daily_Merchant!$B$2:$B$444,L2) | O2: =IF(AND(N2>5000,K2<>"East"),"High-Value Merchant Day","")
A3: TXN100001 | B3: 287 | C3: 27 | D3: 46026.492 | E3: 49 | F3: UPI | G3: captured | H3: 79 | I3: =IFERROR(VLOOKUP(C3,Merchants!$A$2:$D$41,2,FALSE),"Merchant not found") | J3: =IFERROR(VLOOKUP(C3,Merchants!$A$2:$D$41,3,FALSE),"Merchant not found") | K3: =IFERROR(VLOOKUP(C3,Merchants!$A$2:$D$41,4,FALSE),"Merchant not found") | L3: =DATE(YEAR(D3),MONTH(D3),DAY(D3)) | M3: =IFERROR(HLOOKUP(F3,Fee_Tiers!$B$1:$E$2,2,FALSE),"Fee tier not found") | N3: =SUMIFS(Daily_Merchant!$C$2:$C$444,Daily_Merchant!$A$2:$A$444,C3,Daily_Merchant!$B$2:$B$444,L3) | O3: =IF(AND(N3>5000,K3<>"East"),"High-Value Merchant Day","")
A4: TXN100002 | B4: 122 | C4: 11 | D4: 46046.208 | E4: 1499 | F4: Wallet | G4: captured | H4: 22 | I4: =IFERROR(VLOOKUP(C4,Merchants!$A$2:$D$41,2,FALSE),"Merchant not found") | J4: =IFERROR(VLOOKUP(C4,Merchants!$A$2:$D$41,3,FALSE),"Merchant not found") | K4: =IFERROR(VLOOKUP(C4,Merchants!$A$2:$D$41,4,FALSE),"Merchant not found") | L4: =DATE(YEAR(D4),MONTH(D4),DAY(D4)) | M4: =IFERROR(HLOOKUP(F4,Fee_Tiers!$B$1:$E$2,2,FALSE),"Fee tier not found") | N4: =SUMIFS(Daily_Merchant!$C$2:$C$444,Daily_Merchant!$A$2:$A$444,C4,Daily_Merchant!$B$2:$B$444,L4) | O4: =IF(AND(N4>5000,K4<>"East"),"High-Value Merchant Day","")
A5: TXN100003 | B5: 92 | C5: 22 | D5: 46051.542 | E5: 49 | F5: Netbanking | G5: captured | H5: 100 | I5: =IFERROR(VLOOKUP(C5,Merchants!$A$2:$D$41,2,FALSE),"Merchant not found") | J5: =IFERROR(VLOOKUP(C5,Merchants!$A$2:$D$41,3,FALSE),"Merchant not found") | K5: =IFERROR(VLOOKUP(C5,Merchants!$A$2:$D$41,4,FALSE),"Merchant not found") | L5: =DATE(YEAR(D5),MONTH(D5),DAY(D5)) | M5: =IFERROR(HLOOKUP(F5,Fee_Tiers!$B$1:$E$2,2,FALSE),"Fee tier not found") | N5: =SUMIFS(Daily_Merchant!$C$2:$C$444,Daily_Merchant!$A$2:$A$444,C5,Daily_Merchant!$B$2:$B$444,L5) | O5: =IF(AND(N5>5000,K5<>"East"),"High-Value Merchant Day","")
A6: TXN100004 | B6: 343 | C6: 16 | D6: 46052.577 | E6: 99 | F6: UPI | G6: captured | H6: 34 | I6: =IFERROR(VLOOKUP(C6,Merchants!$A$2:$D$41,2,FALSE),"Merchant not found") | J6: =IFERROR(VLOOKUP(C6,Merchants!$A$2:$D$41,3,FALSE),"Merchant not found") | K6: =IFERROR(VLOOKUP(C6,Merchants!$A$2:$D$41,4,FALSE),"Merchant not found") | L6: =DATE(YEAR(D6),MONTH(D6),DAY(D6)) | M6: =IFERROR(HLOOKUP(F6,Fee_Tiers!$B$1:$E$2,2,FALSE),"Fee tier not found") | N6: =SUMIFS(Daily_Merchant!$C$2:$C$444,Daily_Merchant!$A$2:$A$444,C6,Daily_Merchant!$B$2:$B$444,L6) | O6: =IF(AND(N6>5000,K6<>"East"),"High-Value Merchant Day","")
A7: TXN100005 | B7: 196 | C7: 3 | D7: 46028.921 | E7: 99 | F7: UPI | G7: captured | H7: 60 | I7: =IFERROR(VLOOKUP(C7,Merchants!$A$2:$D$41,2,FALSE),"Merchant not found") | J7: =IFERROR(VLOOKUP(C7,Merchants!$A$2:$D$41,3,FALSE),"Merchant not found") | K7: =IFERROR(VLOOKUP(C7,Merchants!$A$2:$D$41,4,FALSE),"Merchant not found") | L7: =DATE(YEAR(D7),MONTH(D7),DAY(D7)) | M7: =IFERROR(HLOOKUP(F7,Fee_Tiers!$B$1:$E$2,2,FALSE),"Fee tier not found") | N7: =SUMIFS(Daily_Merchant!$C$2:$C$444,Daily_Merchant!$A$2:$A$444,C7,Daily_Merchant!$B$2:$B$444,L7) | O7: =IF(AND(N7>5000,K7<>"East"),"High-Value Merchant Day","")
A8: TXN100006 | B8: 236 | C8: 23 | D8: 46030.286 | E8: 99 | F8: Wallet | G8: captured | H8: 39 | I8: =IFERROR(VLOOKUP(C8,Merchants!$A$2:$D$41,2,FALSE),"Merchant not found") | J8: =IFERROR(VLOOKUP(C8,Merchants!$A$2:$D$41,3,FALSE),"Merchant not found") | K8: =IFERROR(VLOOKUP(C8,Merchants!$A$2:$D$41,4,FALSE),"Merchant not found") | L8: =DATE(YEAR(D8),MONTH(D8),DAY(D8)) | M8: =IFERROR(HLOOKUP(F8,Fee_Tiers!$B$1:$E$2,2,FALSE),"Fee tier not found") | N8: =SUMIFS(Daily_Merchant!$C$2:$C$444,Daily_Merchant!$A$2:$A$444,C8,Daily_Merchant!$B$2:$B$444,L8) | O8: =IF(AND(N8>5000,K8<>"East"),"High-Value Merchant Day","")
A9: TXN100007 | B9: 13 | C9: 13 | D9: 46049.301 | E9: 99 | F9: UPI | G9: captured | H9: 51 | I9: =IFERROR(VLOOKUP(C9,Merchants!$A$2:$D$41,2,FALSE),"Merchant not found") | J9: =IFERROR(VLOOKUP(C9,Merchants!$A$2:$D$41,3,FALSE),"Merchant not found") | K9: =IFERROR(VLOOKUP(C9,Merchants!$A$2:$D$41,4,FALSE),"Merchant not found") | L9: =DATE(YEAR(D9),MONTH(D9),DAY(D9)) | M9: =IFERROR(HLOOKUP(F9,Fee_Tiers!$B$1:$E$2,2,FALSE),"Fee tier not found") | N9: =SUMIFS(Daily_Merchant!$C$2:$C$444,Daily_Merchant!$A$2:$A$444,C9,Daily_Merchant!$B$2:$B$444,L9) | O9: =IF(AND(N9>5000,K9<>"East"),"High-Value Merchant Day","")
A10: TXN100008 | B10: 36 | C10: 18 | D10: 46033.372 | E10: 799 | F10: UPI | G10: captured | H10: 44 | I10: =IFERROR(VLOOKUP(C10,Merchants!$A$2:$D$41,2,FALSE),"Merchant not found") | J10: =IFERROR(VLOOKUP(C10,Merchants!$A$2:$D$41,3,FALSE),"Merchant not found") | K10: =IFERROR(VLOOKUP(C10,Merchants!$A$2:$D$41,4,FALSE),"Merchant not found") | L10: =DATE(YEAR(D10),MONTH(D10),DAY(D10)) | M10: =IFERROR(HLOOKUP(F10,Fee_Tiers!$B$1:$E$2,2,FALSE),"Fee tier not found") | N10: =SUMIFS(Daily_Merchant!$C$2:$C$444,Daily_Merchant!$A$2:$A$444,C10,Daily_Merchant!$B$2:$B$444,L10) | O10: =IF(AND(N10>5000,K10<>"East"),"High-Value Merchant Day","")
A11: TXN100009 | B11: 348 | C11: 35 | D11: 46043.684 | E11: 299 | F11: UPI | G11: captured | H11: 42 | I11: =IFERROR(VLOOKUP(C11,Merchants!$A$2:$D$41,2,FALSE),"Merchant not found") | J11: =IFERROR(VLOOKUP(C11,Merchants!$A$2:$D$41,3,FALSE),"Merchant not found") | K11: =IFERROR(VLOOKUP(C11,Merchants!$A$2:$D$41,4,FALSE),"Merchant not found") | L11: =DATE(YEAR(D11),MONTH(D11),DAY(D11)) | M11: =IFERROR(HLOOKUP(F11,Fee_Tiers!$B$1:$E$2,2,FALSE),"Fee tier not found") | N11: =SUMIFS(Daily_Merchant!$C$2:$C$444,Daily_Merchant!$A$2:$A$444,C11,Daily_Merchant!$B$2:$B$444,L11) | O11: =IF(AND(N11>5000,K11<>"East"),"High-Value Merchant Day","")
A12: TXN100010 | B12: 134 | C12: 12 | D12: 46023.164 | E12: 49 | F12: UPI | G12: captured | H12: 74 | I12: =IFERROR(VLOOKUP(C12,Merchants!$A$2:$D$41,2,FALSE),"Merchant not found") | J12: =IFERROR(VLOOKUP(C12,Merchants!$A$2:$D$41,3,FALSE),"Merchant not found") | K12: =IFERROR(VLOOKUP(C12,Merchants!$A$2:$D$41,4,FALSE),"Merchant not found") | L12: =DATE(YEAR(D12),MONTH(D12),DAY(D12)) | M12: =IFERROR(HLOOKUP(F12,Fee_Tiers!$B$1:$E$2,2,FALSE),"Fee tier not found") | N12: =SUMIFS(Daily_Merchant!$C$2:$C$444,Daily_Merchant!$A$2:$A$444,C12,Daily_Merchant!$B$2:$B$444,L12) | O12: =IF(AND(N12>5000,K12<>"East"),"High-Value Merchant Day","")
A13: TXN100011 | B13: 306 | C13: 28 | D13: 46031.046 | E13: 2999 | F13: Card | G13: failed | H13: 44 | I13: =IFERROR(VLOOKUP(C13,Merchants!$A$2:$D$41,2,FALSE),"Merchant not found") | J13: =IFERROR(VLOOKUP(C13,Merchants!$A$2:$D$41,3,FALSE),"Merchant not found") | K13: =IFERROR(VLOOKUP(C13,Merchants!$A$2:$D$41,4,FALSE),"Merchant not found") | L13: =DATE(YEAR(D13),MONTH(D13),DAY(D13)) | M13: =IFERROR(HLOOKUP(F13,Fee_Tiers!$B$1:$E$2,2,FALSE),"Fee tier not found") | N13: =SUMIFS(Daily_Merchant!$C$2:$C$444,Daily_Merchant!$A$2:$A$444,C13,Daily_Merchant!$B$2:$B$444,L13) | O13: =IF(AND(N13>5000,K13<>"East"),"High-Value Merchant Day","")
... A548: TXN300031 | B548: 345 | C548: 12 | D548: 46045.377 | E548: 399 | F548: Card | G548: captured | H548: 69 | I548: =IFERROR(VLOOKUP(C548,Merchants!$A$2:$D$41,2,FALSE),"Merchant not found") | J548: =IFERROR(VLOOKUP(C548,Merchants!$A$2:$D$41,3,FALSE),"Merchant not found") | K548: =IFERROR(VLOOKUP(C548,Merchants!$A$2:$D$41,4,FALSE),"Merchant not found") | L548: =DATE(YEAR(D548),MONTH(D548),DAY(D548)) | M548: =IFERROR(HLOOKUP(F548,Fee_Tiers!$B$1:$E$2,2,FALSE),"Fee tier not found") | N548: =SUMIFS(Daily_Merchant!$C$2:$C$444,Daily_Merchant!$A$2:$A$444,C548,Daily_Merchant!$B$2:$B$444,L548) | O548: =IF(AND(N548>5000,K548<>"East"),"High-Value Merchant Day","")

Sheet Pivot_Summary
A1: Section 1 - Total amount_inr and transaction count by merchant_id and status
A2: merchant_id | B2: merchant_name | C2: captured_amount_inr | D2: captured_count | E2: failed_amount_inr | F2: failed_count | G2: chargeback_amount_inr | H2: chargeback_count | I2: total_amount_inr | J2: total_count
A3: 1 | B3: =IFERROR(VLOOKUP(A3,Merchants!$A$2:$D$41,2,FALSE),"Merchant not found") | C3: =SUMIFS(Transactions_View!$E$2:$E$548,Transactions_View!$C$2:$C$548,A3,Transactions_View!$G$2:$G$548,"captured") | D3: =COUNTIFS(Transactions_View!$C$2:$C$548,A3,Transactions_View!$G$2:$G$548,"captured") | E3: =SUMIFS(Transactions_View!$E$2:$E$548,Transactions_View!$C$2:$C$548,A3,Transactions_View!$G$2:$G$548,"failed") | F3: =COUNTIFS(Transactions_View!$C$2:$C$548,A3,Transactions_View!$G$2:$G$548,"failed") | G3: =SUMIFS(Transactions_View!$E$2:$E$548,Transactions_View!$C$2:$C$548,A3,Transactions_View!$G$2:$G$548,"chargeback") | H3: =COUNTIFS(Transactions_View!$C$2:$C$548,A3,Transactions_View!$G$2:$G$548,"chargeback") | I3: =C3+E3+G3 | J3: =D3+F3+H3
A4: 2 | B4: =IFERROR(VLOOKUP(A4,Merchants!$A$2:$D$41,2,FALSE),"Merchant not found") | C4: =SUMIFS(Transactions_View!$E$2:$E$548,Transactions_View!$C$2:$C$548,A4,Transactions_View!$G$2:$G$548,"captured") | D4: =COUNTIFS(Transactions_View!$C$2:$C$548,A4,Transactions_View!$G$2:$G$548,"captured") | E4: =SUMIFS(Transactions_View!$E$2:$E$548,Transactions_View!$C$2:$C$548,A4,Transactions_View!$G$2:$G$548,"failed") | F4: =COUNTIFS(Transactions_View!$C$2:$C$548,A4,Transactions_View!$G$2:$G$548,"failed") | G4: =SUMIFS(Transactions_View!$E$2:$E$548,Transactions_View!$C$2:$C$548,A4,Transactions_View!$G$2:$G$548,"chargeback") | H4: =COUNTIFS(Transactions_View!$C$2:$C$548,A4,Transactions_View!$G$2:$G$548,"chargeback") | I4: =C4+E4+G4 | J4: =D4+F4+H4
A5: 3 | B5: =IFERROR(VLOOKUP(A5,Merchants!$A$2:$D$41,2,FALSE),"Merchant not found") | C5: =SUMIFS(Transactions_View!$E$2:$E$548,Transactions_View!$C$2:$C$548,A5,Transactions_View!$G$2:$G$548,"captured") | D5: =COUNTIFS(Transactions_View!$C$2:$C$548,A5,Transactions_View!$G$2:$G$548,"captured") | E5: =SUMIFS(Transactions_View!$E$2:$E$548,Transactions_View!$C$2:$C$548,A5,Transactions_View!$G$2:$G$548,"failed") | F5: =COUNTIFS(Transactions_View!$C$2:$C$548,A5,Transactions_View!$G$2:$G$548,"failed") | G5: =SUMIFS(Transactions_View!$E$2:$E$548,Transactions_View!$C$2:$C$548,A5,Transactions_View!$G$2:$G$548,"chargeback") | H5: =COUNTIFS(Transactions_View!$C$2:$C$548,A5,Transactions_View!$G$2:$G$548,"chargeback") | I5: =C5+E5+G5 | J5: =D5+F5+H5
A6: 4 | B6: =IFERROR(VLOOKUP(A6,Merchants!$A$2:$D$41,2,FALSE),"Merchant not found") | C6: =SUMIFS(Transactions_View!$E$2:$E$548,Transactions_View!$C$2:$C$548,A6,Transactions_View!$G$2:$G$548,"captured") | D6: =COUNTIFS(Transactions_View!$C$2:$C$548,A6,Transactions_View!$G$2:$G$548,"captured") | E6: =SUMIFS(Transactions_View!$E$2:$E$548,Transactions_View!$C$2:$C$548,A6,Transactions_View!$G$2:$G$548,"failed") | F6: =COUNTIFS(Transactions_View!$C$2:$C$548,A6,Transactions_View!$G$2:$G$548,"failed") | G6: =SUMIFS(Transactions_View!$E$2:$E$548,Transactions_View!$C$2:$C$548,A6,Transactions_View!$G$2:$G$548,"chargeback") | H6: =COUNTIFS(Transactions_View!$C$2:$C$548,A6,Transactions_View!$G$2:$G$548,"chargeback") | I6: =C6+E6+G6 | J6: =D6+F6+H6
A7: 5 | B7: =IFERROR(VLOOKUP(A7,Merchants!$A$2:$D$41,2,FALSE),"Merchant not found") | C7: =SUMIFS(Transactions_View!$E$2:$E$548,Transactions_View!$C$2:$C$548,A7,Transactions_View!$G$2:$G$548,"captured") | D7: =COUNTIFS(Transactions_View!$C$2:$C$548,A7,Transactions_View!$G$2:$G$548,"captured") | E7: =SUMIFS(Transactions_View!$E$2:$E$548,Transactions_View!$C$2:$C$548,A7,Transactions_View!$G$2:$G$548,"failed") | F7: =COUNTIFS(Transactions_View!$C$2:$C$548,A7,Transactions_View!$G$2:$G$548,"failed") | G7: =SUMIFS(Transactions_View!$E$2:$E$548,Transactions_View!$C$2:$C$548,A7,Transactions_View!$G$2:$G$548,"chargeback") | H7: =COUNTIFS(Transactions_View!$C$2:$C$548,A7,Transactions_View!$G$2:$G$548,"chargeback") | I7: =C7+E7+G7 | J7: =D7+F7+H7
A8: 6 | B8: =IFERROR(VLOOKUP(A8,Merchants!$A$2:$D$41,2,FALSE),"Merchant not found") | C8: =SUMIFS(Transactions_View!$E$2:$E$548,Transactions_View!$C$2:$C$548,A8,Transactions_View!$G$2:$G$548,"captured") | D8: =COUNTIFS(Transactions_View!$C$2:$C$548,A8,Transactions_View!$G$2:$G$548,"captured") | E8: =SUMIFS(Transactions_View!$E$2:$E$548,Transactions_View!$C$2:$C$548,A8,Transactions_View!$G$2:$G$548,"failed") | F8: =COUNTIFS(Transactions_View!$C$2:$C$548,A8,Transactions_View!$G$2:$G$548,"failed") | G8: =SUMIFS(Transactions_View!$E$2:$E$548,Transactions_View!$C$2:$C$548,A8,Transactions_View!$G$2:$G$548,"chargeback") | H8: =COUNTIFS(Transactions_View!$C$2:$C$548,A8,Transactions_View!$G$2:$G$548,"chargeback") | I8: =C8+E8+G8 | J8: =D8+F8+H8
A9: 7 | B9: =IFERROR(VLOOKUP(A9,Merchants!$A$2:$D$41,2,FALSE),"Merchant not found") | C9: =SUMIFS(Transactions_View!$E$2:$E$548,Transactions_View!$C$2:$C$548,A9,Transactions_View!$G$2:$G$548,"captured") | D9: =COUNTIFS(Transactions_View!$C$2:$C$548,A9,Transactions_View!$G$2:$G$548,"captured") | E9: =SUMIFS(Transactions_View!$E$2:$E$548,Transactions_View!$C$2:$C$548,A9,Transactions_View!$G$2:$G$548,"failed") | F9: =COUNTIFS(Transactions_View!$C$2:$C$548,A9,Transactions_View!$G$2:$G$548,"failed") | G9: =SUMIFS(Transactions_View!$E$2:$E$548,Transactions_View!$C$2:$C$548,A9,Transactions_View!$G$2:$G$548,"chargeback") | H9: =COUNTIFS(Transactions_View!$C$2:$C$548,A9,Transactions_View!$G$2:$G$548,"chargeback") | I9: =C9+E9+G9 | J9: =D9+F9+H9
A10: 8 | B10: =IFERROR(VLOOKUP(A10,Merchants!$A$2:$D$41,2,FALSE),"Merchant not found") | C10: =SUMIFS(Transactions_View!$E$2:$E$548,Transactions_View!$C$2:$C$548,A10,Transactions_View!$G$2:$G$548,"captured") | D10: =COUNTIFS(Transactions_View!$C$2:$C$548,A10,Transactions_View!$G$2:$G$548,"captured") | E10: =SUMIFS(Transactions_View!$E$2:$E$548,Transactions_View!$C$2:$C$548,A10,Transactions_View!$G$2:$G$548,"failed") | F10: =COUNTIFS(Transactions_View!$C$2:$C$548,A10,Transactions_View!$G$2:$G$548,"failed") | G10: =SUMIFS(Transactions_View!$E$2:$E$548,Transactions_View!$C$2:$C$548,A10,Transactions_View!$G$2:$G$548,"chargeback") | H10: =COUNTIFS(Transactions_View!$C$2:$C$548,A10,Transactions_View!$G$2:$G$548,"chargeback") | I10: =C10+E10+G10 | J10: =D10+F10+H10
A11: 9 | B11: =IFERROR(VLOOKUP(A11,Merchants!$A$2:$D$41,2,FALSE),"Merchant not found") | C11: =SUMIFS(Transactions_View!$E$2:$E$548,Transactions_View!$C$2:$C$548,A11,Transactions_View!$G$2:$G$548,"captured") | D11: =COUNTIFS(Transactions_View!$C$2:$C$548,A11,Transactions_View!$G$2:$G$548,"captured") | E11: =SUMIFS(Transactions_View!$E$2:$E$548,Transactions_View!$C$2:$C$548,A11,Transactions_View!$G$2:$G$548,"failed") | F11: =COUNTIFS(Transactions_View!$C$2:$C$548,A11,Transactions_View!$G$2:$G$548,"failed") | G11: =SUMIFS(Transactions_View!$E$2:$E$548,Transactions_View!$C$2:$C$548,A11,Transactions_View!$G$2:$G$548,"chargeback") | H11: =COUNTIFS(Transactions_View!$C$2:$C$548,A11,Transactions_View!$G$2:$G$548,"chargeback") | I11: =C11+E11+G11 | J11: =D11+F11+H11
A12: 10 | B12: =IFERROR(VLOOKUP(A12,Merchants!$A$2:$D$41,2,FALSE),"Merchant not found") | C12: =SUMIFS(Transactions_View!$E$2:$E$548,Transactions_View!$C$2:$C$548,A12,Transactions_View!$G$2:$G$548,"captured") | D12: =COUNTIFS(Transactions_View!$C$2:$C$548,A12,Transactions_View!$G$2:$G$548,"captured") | E12: =SUMIFS(Transactions_View!$E$2:$E$548,Transactions_View!$C$2:$C$548,A12,Transactions_View!$G$2:$G$548,"failed") | F12: =COUNTIFS(Transactions_View!$C$2:$C$548,A12,Transactions_View!$G$2:$G$548,"failed") | G12: =SUMIFS(Transactions_View!$E$2:$E$548,Transactions_View!$C$2:$C$548,A12,Transactions_View!$G$2:$G$548,"chargeback") | H12: =COUNTIFS(Transactions_View!$C$2:$C$548,A12,Transactions_View!$G$2:$G$548,"chargeback") | I12: =C12+E12+G12 | J12: =D12+F12+H12
A13: 11 | B13: =IFERROR(VLOOKUP(A13,Merchants!$A$2:$D$41,2,FALSE),"Merchant not found") | C13: =SUMIFS(Transactions_View!$E$2:$E$548,Transactions_View!$C$2:$C$548,A13,Transactions_View!$G$2:$G$548,"captured") | D13: =COUNTIFS(Transactions_View!$C$2:$C$548,A13,Transactions_View!$G$2:$G$548,"captured") | E13: =SUMIFS(Transactions_View!$E$2:$E$548,Transactions_View!$C$2:$C$548,A13,Transactions_View!$G$2:$G$548,"failed") | F13: =COUNTIFS(Transactions_View!$C$2:$C$548,A13,Transactions_View!$G$2:$G$548,"failed") | G13: =SUMIFS(Transactions_View!$E$2:$E$548,Transactions_View!$C$2:$C$548,A13,Transactions_View!$G$2:$G$548,"chargeback") | H13: =COUNTIFS(Transactions_View!$C$2:$C$548,A13,Transactions_View!$G$2:$G$548,"chargeback") | I13: =C13+E13+G13 | J13: =D13+F13+H13
A14: 12 | B14: =IFERROR(VLOOKUP(A14,Merchants!$A$2:$D$41,2,FALSE),"Merchant not found") | C14: =SUMIFS(Transactions_View!$E$2:$E$548,Transactions_View!$C$2:$C$548,A14,Transactions_View!$G$2:$G$548,"captured") | D14: =COUNTIFS(Transactions_View!$C$2:$C$548,A14,Transactions_View!$G$2:$G$548,"captured") | E14: =SUMIFS(Transactions_View!$E$2:$E$548,Transactions_View!$C$2:$C$548,A14,Transactions_View!$G$2:$G$548,"failed") | F14: =COUNTIFS(Transactions_View!$C$2:$C$548,A14,Transactions_View!$G$2:$G$548,"failed") | G14: =SUMIFS(Transactions_View!$E$2:$E$548,Transactions_View!$C$2:$C$548,A14,Transactions_View!$G$2:$G$548,"chargeback") | H14: =COUNTIFS(Transactions_View!$C$2:$C$548,A14,Transactions_View!$G$2:$G$548,"chargeback") | I14: =C14+E14+G14 | J14: =D14+F14+H14
... A42: 40 | B42: =IFERROR(VLOOKUP(A42,Merchants!$A$2:$D$41,2,FALSE),"Merchant not found") | C42: =SUMIFS(Transactions_View!$E$2:$E$548,Transactions_View!$C$2:$C$548,A42,Transactions_View!$G$2:$G$548,"captured") | D42: =COUNTIFS(Transactions_View!$C$2:$C$548,A42,Transactions_View!$G$2:$G$548,"captured") | E42: =SUMIFS(Transactions_View!$E$2:$E$548,Transactions_View!$C$2:$C$548,A42,Transactions_View!$G$2:$G$548,"failed") | F42: =COUNTIFS(Transactions_View!$C$2:$C$548,A42,Transactions_View!$G$2:$G$548,"failed") | G42: =SUMIFS(Transactions_View!$E$2:$E$548,Transactions_View!$C$2:$C$548,A42,Transactions_View!$G$2:$G$548,"chargeback") | H42: =COUNTIFS(Transactions_View!$C$2:$C$548,A42,Transactions_View!$G$2:$G$548,"chargeback") | I42: =C42+E42+G42 | J42: =D42+F42+H42
A45: Section 2 - Transaction count vs. unique transaction days, per merchant
A46: merchant_id | B46: merchant_name | C46: total_transaction_count | D46: unique_transaction_days | E46: avg_txns_per_active_day
A47: 1 | B47: =IFERROR(VLOOKUP(A47,Merchants!$A$2:$D$41,2,FALSE),"Merchant not found") | C47: =COUNTIF(Transactions_View!$C$2:$C$548,A47) | D47: =COUNTIF(Daily_Merchant!$A$2:$A$444,A47) | E47: =IFERROR(C47/D47,0)
A48: 2 | B48: =IFERROR(VLOOKUP(A48,Merchants!$A$2:$D$41,2,FALSE),"Merchant not found") | C48: =COUNTIF(Transactions_View!$C$2:$C$548,A48) | D48: =COUNTIF(Daily_Merchant!$A$2:$A$444,A48) | E48: =IFERROR(C48/D48,0)
A49: 3 | B49: =IFERROR(VLOOKUP(A49,Merchants!$A$2:$D$41,2,FALSE),"Merchant not found") | C49: =COUNTIF(Transactions_View!$C$2:$C$548,A49) | D49: =COUNTIF(Daily_Merchant!$A$2:$A$444,A49) | E49: =IFERROR(C49/D49,0)
A50: 4 | B50: =IFERROR(VLOOKUP(A50,Merchants!$A$2:$D$41,2,FALSE),"Merchant not found") | C50: =COUNTIF(Transactions_View!$C$2:$C$548,A50) | D50: =COUNTIF(Daily_Merchant!$A$2:$A$444,A50) | E50: =IFERROR(C50/D50,0)
A51: 5 | B51: =IFERROR(VLOOKUP(A51,Merchants!$A$2:$D$41,2,FALSE),"Merchant not found") | C51: =COUNTIF(Transactions_View!$C$2:$C$548,A51) | D51: =COUNTIF(Daily_Merchant!$A$2:$A$444,A51) | E51: =IFERROR(C51/D51,0)
A52: 6 | B52: =IFERROR(VLOOKUP(A52,Merchants!$A$2:$D$41,2,FALSE),"Merchant not found") | C52: =COUNTIF(Transactions_View!$C$2:$C$548,A52) | D52: =COUNTIF(Daily_Merchant!$A$2:$A$444,A52) | E52: =IFERROR(C52/D52,0)
A53: 7 | B53: =IFERROR(VLOOKUP(A53,Merchants!$A$2:$D$41,2,FALSE),"Merchant not found") | C53: =COUNTIF(Transactions_View!$C$2:$C$548,A53) | D53: =COUNTIF(Daily_Merchant!$A$2:$A$444,A53) | E53: =IFERROR(C53/D53,0)
A54: 8 | B54: =IFERROR(VLOOKUP(A54,Merchants!$A$2:$D$41,2,FALSE),"Merchant not found") | C54: =COUNTIF(Transactions_View!$C$2:$C$548,A54) | D54: =COUNTIF(Daily_Merchant!$A$2:$A$444,A54) | E54: =IFERROR(C54/D54,0)
A55: 9 | B55: =IFERROR(VLOOKUP(A55,Merchants!$A$2:$D$41,2,FALSE),"Merchant not found") | C55: =COUNTIF(Transactions_View!$C$2:$C$548,A55) | D55: =COUNTIF(Daily_Merchant!$A$2:$A$444,A55) | E55: =IFERROR(C55/D55,0)
A56: 10 | B56: =IFERROR(VLOOKUP(A56,Merchants!$A$2:$D$41,2,FALSE),"Merchant not found") | C56: =COUNTIF(Transactions_View!$C$2:$C$548,A56) | D56: =COUNTIF(Daily_Merchant!$A$2:$A$444,A56) | E56: =IFERROR(C56/D56,0)
A57: 11 | B57: =IFERROR(VLOOKUP(A57,Merchants!$A$2:$D$41,2,FALSE),"Merchant not found") | C57: =COUNTIF(Transactions_View!$C$2:$C$548,A57) | D57: =COUNTIF(Daily_Merchant!$A$2:$A$444,A57) | E57: =IFERROR(C57/D57,0)
A58: 12 | B58: =IFERROR(VLOOKUP(A58,Merchants!$A$2:$D$41,2,FALSE),"Merchant not found") | C58: =COUNTIF(Transactions_View!$C$2:$C$548,A58) | D58: =COUNTIF(Daily_Merchant!$A$2:$A$444,A58) | E58: =IFERROR(C58/D58,0)
... A86: 40 | B86: =IFERROR(VLOOKUP(A86,Merchants!$A$2:$D$41,2,FALSE),"Merchant not found") | C86: =COUNTIF(Transactions_View!$C$2:$C$548,A86) | D86: =COUNTIF(Daily_Merchant!$A$2:$A$444,A86) | E86: =IFERROR(C86/D86,0)
